entry_number,gulper_id,task,subtask,entry_start_time,entry_end_time,duration_seconds,job_id,source_file,job_date
1,4,Earthworks,Dig trench,10:29:07,10:31:58,171.3,2026-05-21_01,2026-05-21_01.csv,2026-05-21
2,23,Earthworks,Dig trench,10:29:27,10:30:11,44.7,2026-05-21_01,2026-05-21_01.csv,2026-05-21
3,23,Rest,NA,10:30:11,10:31:55,103.4,2026-05-21_01,2026-05-21_01.csv,2026-05-21
4,23,Earthworks,Dig trench,10:31:55,10:32:25,30.7,2026-05-21_01,2026-05-21_01.csv,2026-05-21
5,4,Rest,NA,10:31:58,10:34:13,134.2,2026-05-21_01,2026-05-21_01.csv,2026-05-21
6,23,Rest,NA,10:32:25,10:32:31,6,2026-05-21_01,2026-05-21_01.csv,2026-05-21
7,23,Earthworks,Dig trench,10:32:31,10:34:42,130.3,2026-05-21_01,2026-05-21_01.csv,2026-05-21
8,4,Equipment,Repairing,10:34:13,10:34:45,32.7,2026-05-21_01,2026-05-21_01.csv,2026-05-21
9,23,Rest,NA,10:34:42,10:34:49,7,2026-05-21_01,2026-05-21_01.csv,2026-05-21
10,4,Rest,NA,10:34:45,10:35:02,16.9,2026-05-21_01,2026-05-21_01.csv,2026-05-21
11,23,Earthworks,Dig trench,10:34:49,10:35:29,39.9,2026-05-21_01,2026-05-21_01.csv,2026-05-21
12,4,Earthworks,Dig trench,10:35:02,10:35:12,9.6,2026-05-21_01,2026-05-21_01.csv,2026-05-21
13,4,Rest,NA,10:35:12,10:35:25,13.2,2026-05-21_01,2026-05-21_01.csv,2026-05-21
14,4,Earthworks,Dig trench,10:35:25,10:36:39,73.7,2026-05-21_01,2026-05-21_01.csv,2026-05-21
15,23,Rest,NA,10:35:37,10:39:21,224,2026-05-21_01,2026-05-21_01.csv,2026-05-21
16,4,Rest,NA,10:36:39,10:36:52,12.9,2026-05-21_01,2026-05-21_01.csv,2026-05-21
17,4,Earthworks,Dig trench,10:37:00,10:40:21,201.4,2026-05-21_01,2026-05-21_01.csv,2026-05-21
18,23,Communication,With client(s),10:39:21,10:39:54,32.8,2026-05-21_01,2026-05-21_01.csv,2026-05-21
19,23,Rest,NA,10:39:59,10:40:39,40.3,2026-05-21_01,2026-05-21_01.csv,2026-05-21
20,4,Rest,NA,10:40:28,10:40:32,4.4,2026-05-21_01,2026-05-21_01.csv,2026-05-21
21,4,Earthworks,Dig trench,10:40:32,10:44:08,215.3,2026-05-21_01,2026-05-21_01.csv,2026-05-21
22,23,Communication,With other gulper(s),10:40:39,10:40:46,6.3,2026-05-21_01,2026-05-21_01.csv,2026-05-21
23,23,Rest,NA,10:40:46,10:41:43,57.4,2026-05-21_01,2026-05-21_01.csv,2026-05-21
24,23,Communication,With client(s),10:41:43,10:41:50,6.7,2026-05-21_01,2026-05-21_01.csv,2026-05-21
25,23,Rest,NA,10:41:50,10:42:34,44,2026-05-21_01,2026-05-21_01.csv,2026-05-21
26,23,Earthworks,Dig trench,10:42:34,10:42:56,21.9,2026-05-21_01,2026-05-21_01.csv,2026-05-21
27,23,Rest,NA,10:42:56,10:43:56,60.5,2026-05-21_01,2026-05-21_01.csv,2026-05-21
28,4,Communication,With other gulper(s),10:44:08,10:44:20,12,2026-05-21_01,2026-05-21_01.csv,2026-05-21
29,23,Earthworks,Dig trench,10:44:41,10:46:19,98.1,2026-05-21_01,2026-05-21_01.csv,2026-05-21
30,4,Rest,NA,10:45:11,10:46:00,48.2,2026-05-21_01,2026-05-21_01.csv,2026-05-21
31,4,Communication,With client(s),10:46:00,10:46:15,15.4,2026-05-21_01,2026-05-21_01.csv,2026-05-21
32,4,Communication,With other gulper(s),10:46:15,10:46:25,9.7,2026-05-21_01,2026-05-21_01.csv,2026-05-21
33,23,Communication,With other gulper(s),10:46:19,10:46:45,26.6,2026-05-21_01,2026-05-21_01.csv,2026-05-21
34,4,Earthworks,Dig trench,10:46:25,10:47:34,69,2026-05-21_01,2026-05-21_01.csv,2026-05-21
35,23,Rest,NA,10:46:45,10:47:29,43.4,2026-05-21_01,2026-05-21_01.csv,2026-05-21
36,23,Earthworks,Dig trench,10:47:29,10:48:23,54.3,2026-05-21_01,2026-05-21_01.csv,2026-05-21
37,4,Rest,NA,10:47:34,10:48:21,46.9,2026-05-21_01,2026-05-21_01.csv,2026-05-21
38,4,Communication,With other gulper(s),10:48:21,10:49:04,43.9,2026-05-21_01,2026-05-21_01.csv,2026-05-21
39,23,Communication,With other gulper(s),10:48:23,10:48:43,19.5,2026-05-21_01,2026-05-21_01.csv,2026-05-21
40,23,Earthworks,Dig trench,10:48:43,10:54:45,362,2026-05-21_01,2026-05-21_01.csv,2026-05-21
41,4,Rest,NA,10:49:04,10:52:45,220.8,2026-05-21_01,2026-05-21_01.csv,2026-05-21
42,4,Communication,With other gulper(s),10:52:45,10:53:12,27.3,2026-05-21_01,2026-05-21_01.csv,2026-05-21
43,4,Rest,NA,10:53:12,10:53:37,24.2,2026-05-21_01,2026-05-21_01.csv,2026-05-21
44,4,Communication,With other gulper(s),10:53:37,10:53:51,14,2026-05-21_01,2026-05-21_01.csv,2026-05-21
45,4,Communication,With client(s),10:53:51,10:55:05,74,2026-05-21_01,2026-05-21_01.csv,2026-05-21
46,23,Earthworks,Put hole in pit liner,10:54:45,10:55:23,38.4,2026-05-21_01,2026-05-21_01.csv,2026-05-21
47,4,Communication,With other gulper(s),10:55:05,10:55:44,39.8,2026-05-21_01,2026-05-21_01.csv,2026-05-21
48,23,Earthworks,Dig trench,10:55:23,10:55:34,11.1,2026-05-21_01,2026-05-21_01.csv,2026-05-21
49,23,Earthworks,Put hole in pit liner,10:55:34,10:56:51,76.8,2026-05-21_01,2026-05-21_01.csv,2026-05-21
50,4,Rest,NA,10:56:22,11:00:09,226.9,2026-05-21_01,2026-05-21_01.csv,2026-05-21
51,23,Earthworks,Dig trench,10:57:29,11:00:35,185.3,2026-05-21_01,2026-05-21_01.csv,2026-05-21
52,4,Communication,With client(s),11:00:09,11:00:12,3.1,2026-05-21_01,2026-05-21_01.csv,2026-05-21
53,4,Communication,With other gulper(s),11:00:12,11:00:17,4.5,2026-05-21_01,2026-05-21_01.csv,2026-05-21
54,4,Rest,NA,11:00:17,11:00:31,14.3,2026-05-21_01,2026-05-21_01.csv,2026-05-21
55,4,Communication,With other gulper(s),11:00:31,11:00:47,15.6,2026-05-21_01,2026-05-21_01.csv,2026-05-21
56,23,Communication,With other gulper(s),11:00:35,11:00:50,14.8,2026-05-21_01,2026-05-21_01.csv,2026-05-21
57,4,Earthworks,Dig trench,11:00:47,11:05:25,278.5,2026-05-21_01,2026-05-21_01.csv,2026-05-21
58,23,Rest,NA,11:00:50,11:02:34,104.3,2026-05-21_01,2026-05-21_01.csv,2026-05-21
59,23,Superstructure,Inspection,11:02:34,11:02:48,14.4,2026-05-21_01,2026-05-21_01.csv,2026-05-21
60,23,Rest,NA,11:02:48,11:02:56,7.6,2026-05-21_01,2026-05-21_01.csv,2026-05-21
61,23,Communication,With client(s),11:02:56,11:03:00,4,2026-05-21_01,2026-05-21_01.csv,2026-05-21
62,23,Rest,NA,11:03:00,11:03:21,21,2026-05-21_01,2026-05-21_01.csv,2026-05-21
63,23,Communication,With other gulper(s),11:03:21,11:03:56,34.6,2026-05-21_01,2026-05-21_01.csv,2026-05-21
64,23,Rest,NA,11:03:56,11:04:47,51.5,2026-05-21_01,2026-05-21_01.csv,2026-05-21
65,23,Communication,With other gulper(s),11:04:47,11:05:02,15,2026-05-21_01,2026-05-21_01.csv,2026-05-21
66,23,Superstructure,Inspection,11:05:02,11:05:21,18.6,2026-05-21_01,2026-05-21_01.csv,2026-05-21
67,23,Earthworks,Put hole in pit liner,11:06:09,11:07:47,97.3,2026-05-21_01,2026-05-21_01.csv,2026-05-21
68,4,Rest,NA,11:06:12,11:07:59,107,2026-05-21_01,2026-05-21_01.csv,2026-05-21
69,23,Communication,With other gulper(s),11:07:47,11:08:07,20.3,2026-05-21_01,2026-05-21_01.csv,2026-05-21
70,4,Equipment,Maneuvering,11:07:59,11:08:14,15.7,2026-05-21_01,2026-05-21_01.csv,2026-05-21
71,23,Earthworks,Put hole in pit liner,11:08:07,11:09:33,86.5,2026-05-21_01,2026-05-21_01.csv,2026-05-21
72,4,Rest,NA,11:08:14,11:13:47,332.6,2026-05-21_01,2026-05-21_01.csv,2026-05-21
73,23,Earthworks,Put hole in pit liner,11:09:33,11:12:17,163.6,2026-05-21_01,2026-05-21_01.csv,2026-05-21
74,23,Earthworks,Dig trench,11:12:17,11:12:46,29.2,2026-05-21_01,2026-05-21_01.csv,2026-05-21
75,23,Earthworks,Put hole in pit liner,11:12:46,11:14:08,81.6,2026-05-21_01,2026-05-21_01.csv,2026-05-21
76,4,Communication,With other gulper(s),11:13:47,11:15:30,102.8,2026-05-21_01,2026-05-21_01.csv,2026-05-21
77,23,Earthworks,Dig trench,11:14:08,11:15:36,88.3,2026-05-21_01,2026-05-21_01.csv,2026-05-21
78,4,Rest,NA,11:15:30,11:15:41,10.9,2026-05-21_01,2026-05-21_01.csv,2026-05-21
79,23,Rest,NA,11:15:36,11:16:07,31,2026-05-21_01,2026-05-21_01.csv,2026-05-21
80,4,Equipment,Maneuvering,11:15:41,11:16:04,23.7,2026-05-21_01,2026-05-21_01.csv,2026-05-21
81,4,Rest,NA,11:16:04,11:17:46,101.3,2026-05-21_01,2026-05-21_01.csv,2026-05-21
82,23,Communication,With other gulper(s),11:16:07,11:16:15,7.8,2026-05-21_01,2026-05-21_01.csv,2026-05-21
83,23,Extraction,Removing sludge,11:18:06,11:25:11,424.5,2026-05-21_01,2026-05-21_01.csv,2026-05-21
84,4,Fluidizing,Mixing,11:18:12,11:19:32,80.6,2026-05-21_01,2026-05-21_01.csv,2026-05-21
85,4,Rest,NA,11:19:32,11:19:39,7.2,2026-05-21_01,2026-05-21_01.csv,2026-05-21
86,4,Fluidizing,Mixing,11:19:39,11:20:55,76,2026-05-21_01,2026-05-21_01.csv,2026-05-21
87,4,Fluidizing,Mixing,11:20:55,11:23:06,130.5,2026-05-21_01,2026-05-21_01.csv,2026-05-21
88,4,Rest,NA,11:24:29,11:27:20,171.1,2026-05-21_01,2026-05-21_01.csv,2026-05-21
89,23,Earthworks,Repair pit liner,11:26:11,11:30:11,240.5,2026-05-21_01,2026-05-21_01.csv,2026-05-21
90,4,Equipment,Cleaning,11:27:25,11:28:02,36.8,2026-05-21_01,2026-05-21_01.csv,2026-05-21
91,4,Rest,NA,11:28:30,11:31:30,180.1,2026-05-21_01,2026-05-21_01.csv,2026-05-21
92,23,Earthworks,Fill trench,11:30:24,11:36:14,350.6,2026-05-21_01,2026-05-21_01.csv,2026-05-21
93,4,Earthworks,Fill trench,11:31:37,11:40:17,519.9,2026-05-21_01,2026-05-21_01.csv,2026-05-21
94,23,Rest,NA,11:36:14,11:36:52,37.7,2026-05-21_01,2026-05-21_01.csv,2026-05-21
95,23,Earthworks,Fill trench,11:36:52,11:37:30,38.3,2026-05-21_01,2026-05-21_01.csv,2026-05-21
96,23,Earthworks,Fill trench,11:37:55,11:38:51,55.6,2026-05-21_01,2026-05-21_01.csv,2026-05-21
97,23,Rest,NA,11:38:51,11:39:16,25.1,2026-05-21_01,2026-05-21_01.csv,2026-05-21
98,23,Earthworks,Fill trench,11:39:16,11:43:08,232.2,2026-05-21_01,2026-05-21_01.csv,2026-05-21
99,4,Rest,NA,11:40:17,11:40:35,18.3,2026-05-21_01,2026-05-21_01.csv,2026-05-21
100,4,Rest,NA,11:40:38,11:41:15,37.5,2026-05-21_01,2026-05-21_01.csv,2026-05-21
101,4,Equipment,Maneuvering,11:41:15,11:42:04,48.9,2026-05-21_01,2026-05-21_01.csv,2026-05-21
102,4,Equipment,Cleaning,11:42:04,11:42:15,10.4,2026-05-21_01,2026-05-21_01.csv,2026-05-21
103,4,Equipment,Cleaning,11:42:15,11:42:49,34,2026-05-21_01,2026-05-21_01.csv,2026-05-21
104,4,Rest,NA,11:42:49,11:43:19,30.1,2026-05-21_01,2026-05-21_01.csv,2026-05-21
105,23,Rest,NA,11:43:08,11:44:21,73.4,2026-05-21_01,2026-05-21_01.csv,2026-05-21
106,4,Equipment,Cleaning,11:43:19,11:44:10,51.1,2026-05-21_01,2026-05-21_01.csv,2026-05-21
107,4,Equipment,Maneuvering,11:44:10,11:44:28,17.9,2026-05-21_01,2026-05-21_01.csv,2026-05-21
108,23,Equipment,Cleaning,11:44:21,11:50:13,351.9,2026-05-21_01,2026-05-21_01.csv,2026-05-21
109,4,Equipment,Maneuvering,11:44:28,11:44:30,2.7,2026-05-21_01,2026-05-21_01.csv,2026-05-21
110,4,Equipment,Cleaning,11:44:30,11:46:14,104.2,2026-05-21_01,2026-05-21_01.csv,2026-05-21
111,4,Equipment,Maneuvering,11:46:14,11:46:38,23.9,2026-05-21_01,2026-05-21_01.csv,2026-05-21
112,4,Rest,NA,11:46:38,11:46:47,8.5,2026-05-21_01,2026-05-21_01.csv,2026-05-21
113,4,Equipment,Maneuvering,11:46:47,11:47:06,19,2026-05-21_01,2026-05-21_01.csv,2026-05-21
114,4,Equipment,Cleaning,11:47:06,11:49:45,159.1,2026-05-21_01,2026-05-21_01.csv,2026-05-21
115,4,Equipment,Maneuvering,11:49:45,11:50:52,66.7,2026-05-21_01,2026-05-21_01.csv,2026-05-21
116,23,Equipment,Maneuvering,11:50:13,11:50:48,35.1,2026-05-21_01,2026-05-21_01.csv,2026-05-21
117,23,Equipment,Cleaning,11:50:49,11:51:40,51.3,2026-05-21_01,2026-05-21_01.csv,2026-05-21
118,4,Equipment,Cleaning,11:50:52,11:50:57,5.4,2026-05-21_01,2026-05-21_01.csv,2026-05-21
119,4,Equipment,Maneuvering,11:50:57,11:51:48,50.7,2026-05-21_01,2026-05-21_01.csv,2026-05-21
120,4,Equipment,Cleaning,11:52:03,11:58:09,365.8,2026-05-21_01,2026-05-21_01.csv,2026-05-21
121,23,Equipment,Cleaning,11:58:09,11:58:09,0,2026-05-21_01,2026-05-21_01.csv,2026-05-21
1,23,Communication,With client(s),13:08:58,13:10:04,65.8,2026-05-31_01,2026-05-31_01.csv,2026-05-31
2,23,Superstructure,Inspection,13:10:15,13:11:53,98.6,2026-05-31_01,2026-05-31_01.csv,2026-05-31
3,23,Communication,With client(s),13:11:55,13:13:18,82.2,2026-05-31_01,2026-05-31_01.csv,2026-05-31
4,23,Rest,NA,13:13:18,13:13:38,20.5,2026-05-31_01,2026-05-31_01.csv,2026-05-31
5,23,Equipment,Maneuvering,13:13:38,13:13:57,19.4,2026-05-31_01,2026-05-31_01.csv,2026-05-31
6,23,Communication,With client(s),13:13:57,13:15:34,96.9,2026-05-31_01,2026-05-31_01.csv,2026-05-31
7,23,Earthworks,Dig trench,13:15:34,13:15:45,10.2,2026-05-31_01,2026-05-31_01.csv,2026-05-31
8,23,Earthworks,Dig trench,13:15:49,13:16:34,44.9,2026-05-31_01,2026-05-31_01.csv,2026-05-31
9,23,Equipment,Maneuvering,13:16:34,13:16:50,15.5,2026-05-31_01,2026-05-31_01.csv,2026-05-31
10,23,Rest,NA,13:16:50,13:17:33,43.4,2026-05-31_01,2026-05-31_01.csv,2026-05-31
11,23,Superstructure,Inspection,13:17:33,13:17:39,5.5,2026-05-31_01,2026-05-31_01.csv,2026-05-31
12,23,Rest,NA,13:17:39,13:18:45,66,2026-05-31_01,2026-05-31_01.csv,2026-05-31
13,23,Earthworks,Dig trench,13:18:47,13:29:55,668.2,2026-05-31_01,2026-05-31_01.csv,2026-05-31
14,23,Communication,With client(s),13:29:55,13:30:02,6.9,2026-05-31_01,2026-05-31_01.csv,2026-05-31
15,23,Earthworks,Dig trench,13:30:02,13:30:10,7.5,2026-05-31_01,2026-05-31_01.csv,2026-05-31
16,23,Communication,With client(s),13:30:10,13:30:45,35,2026-05-31_01,2026-05-31_01.csv,2026-05-31
17,23,Earthworks,Dig trench,13:30:54,13:55:38,1483.6,2026-05-31_01,2026-05-31_01.csv,2026-05-31
18,23,Rest,NA,13:55:38,13:55:55,17.5,2026-05-31_01,2026-05-31_01.csv,2026-05-31
19,23,Earthworks,Dig trench,13:55:55,14:04:15,499.4,2026-05-31_01,2026-05-31_01.csv,2026-05-31
20,23,Rest,NA,14:04:15,14:04:28,13.6,2026-05-31_01,2026-05-31_01.csv,2026-05-31
21,23,Equipment,Maneuvering,14:04:28,14:04:38,9.3,2026-05-31_01,2026-05-31_01.csv,2026-05-31
22,23,Rest,NA,14:04:38,14:04:52,14.7,2026-05-31_01,2026-05-31_01.csv,2026-05-31
23,23,Superstructure,Inspection,14:04:52,14:05:04,11.8,2026-05-31_01,2026-05-31_01.csv,2026-05-31
24,23,Rest,NA,14:05:04,14:05:12,8.4,2026-05-31_01,2026-05-31_01.csv,2026-05-31
25,23,Communication,With client(s),14:05:12,14:05:41,28.4,2026-05-31_01,2026-05-31_01.csv,2026-05-31
26,23,Rest,NA,14:05:41,14:06:28,47.3,2026-05-31_01,2026-05-31_01.csv,2026-05-31
27,23,Earthworks,Put hole in pit liner,14:06:28,14:21:01,873,2026-05-31_01,2026-05-31_01.csv,2026-05-31
28,23,Extraction,Removing sludge,14:21:01,14:22:17,75.7,2026-05-31_01,2026-05-31_01.csv,2026-05-31
29,23,Rest,NA,14:22:17,14:22:25,7.9,2026-05-31_01,2026-05-31_01.csv,2026-05-31
30,23,Extraction,Removing sludge,14:22:25,14:22:40,15.5,2026-05-31_01,2026-05-31_01.csv,2026-05-31
31,23,Rest,NA,14:22:40,14:22:46,5.4,2026-05-31_01,2026-05-31_01.csv,2026-05-31
32,23,Superstructure,Inspection,14:22:46,14:23:01,15,2026-05-31_01,2026-05-31_01.csv,2026-05-31
33,23,Equipment,Maneuvering,14:23:01,14:23:19,18.5,2026-05-31_01,2026-05-31_01.csv,2026-05-31
34,23,Fluidizing,Mixing,14:23:19,14:24:40,81.1,2026-05-31_01,2026-05-31_01.csv,2026-05-31
35,23,Extraction,Removing sludge,14:24:40,14:24:55,14.9,2026-05-31_01,2026-05-31_01.csv,2026-05-31
36,23,Communication,With client(s),14:24:55,14:25:07,12.2,2026-05-31_01,2026-05-31_01.csv,2026-05-31
37,23,Fluidizing,Mixing,14:25:07,14:25:45,37.2,2026-05-31_01,2026-05-31_01.csv,2026-05-31
38,23,Communication,With client(s),14:25:45,14:25:51,6.1,2026-05-31_01,2026-05-31_01.csv,2026-05-31
39,23,Fluidizing,Mixing,14:25:51,14:26:26,35,2026-05-31_01,2026-05-31_01.csv,2026-05-31
40,23,Extraction,Removing sludge,14:26:26,14:27:55,88.9,2026-05-31_01,2026-05-31_01.csv,2026-05-31
41,23,Fluidizing,Mixing,14:27:55,14:29:12,77,2026-05-31_01,2026-05-31_01.csv,2026-05-31
42,23,Extraction,Removing sludge,14:29:12,14:29:26,14,2026-05-31_01,2026-05-31_01.csv,2026-05-31
43,23,Communication,With client(s),14:29:26,14:29:30,4,2026-05-31_01,2026-05-31_01.csv,2026-05-31
44,23,Extraction,Removing sludge,14:29:30,14:30:59,89.8,2026-05-31_01,2026-05-31_01.csv,2026-05-31
45,23,Rest,NA,14:30:59,14:31:25,25.7,2026-05-31_01,2026-05-31_01.csv,2026-05-31
46,23,Fluidizing,Mixing,14:31:25,14:33:33,128.3,2026-05-31_01,2026-05-31_01.csv,2026-05-31
47,23,Extraction,Removing sludge,14:33:33,14:33:59,25.1,2026-05-31_01,2026-05-31_01.csv,2026-05-31
48,23,Extraction,Pulling out trash,14:33:59,14:35:15,76.6,2026-05-31_01,2026-05-31_01.csv,2026-05-31
49,23,Extraction,Removing sludge,14:36:23,14:36:58,35,2026-05-31_01,2026-05-31_01.csv,2026-05-31
50,23,Fluidizing,Mixing,14:36:58,14:38:07,68.6,2026-05-31_01,2026-05-31_01.csv,2026-05-31
51,23,Extraction,Removing sludge,14:38:07,14:41:22,195.4,2026-05-31_01,2026-05-31_01.csv,2026-05-31
52,23,Fluidizing,Mixing,14:41:22,14:42:29,66.7,2026-05-31_01,2026-05-31_01.csv,2026-05-31
53,23,Extraction,Removing sludge,14:42:29,14:45:38,189,2026-05-31_01,2026-05-31_01.csv,2026-05-31
54,23,Fluidizing,Mixing,14:45:38,14:47:38,120.2,2026-05-31_01,2026-05-31_01.csv,2026-05-31
55,23,Extraction,Removing sludge,14:47:38,14:48:42,64.3,2026-05-31_01,2026-05-31_01.csv,2026-05-31
56,23,Rest,NA,14:48:42,14:48:47,4.7,2026-05-31_01,2026-05-31_01.csv,2026-05-31
57,23,Extraction,Removing sludge,14:48:47,14:51:16,149,2026-05-31_01,2026-05-31_01.csv,2026-05-31
58,23,Rest,NA,14:51:16,14:52:07,51.2,2026-05-31_01,2026-05-31_01.csv,2026-05-31
59,23,Fluidizing,Mixing,14:52:07,14:55:09,181.5,2026-05-31_01,2026-05-31_01.csv,2026-05-31
60,23,Extraction,Removing sludge,14:55:09,14:55:31,22.7,2026-05-31_01,2026-05-31_01.csv,2026-05-31
61,23,Extraction,Pulling out trash,14:55:31,14:56:00,28.7,2026-05-31_01,2026-05-31_01.csv,2026-05-31
62,23,Extraction,Removing sludge,14:56:00,14:58:44,163.9,2026-05-31_01,2026-05-31_01.csv,2026-05-31
63,23,Fluidizing,Mixing,14:58:44,15:02:21,217,2026-05-31_01,2026-05-31_01.csv,2026-05-31
64,23,Extraction,Removing sludge,15:02:21,15:05:25,184.1,2026-05-31_01,2026-05-31_01.csv,2026-05-31
65,23,Extraction,Pulling out trash,15:05:25,15:06:25,59.6,2026-05-31_01,2026-05-31_01.csv,2026-05-31
66,23,Extraction,Removing sludge,15:06:25,15:07:29,64.5,2026-05-31_01,2026-05-31_01.csv,2026-05-31
67,23,Fluidizing,Mixing,15:07:29,15:09:33,123.7,2026-05-31_01,2026-05-31_01.csv,2026-05-31
68,23,Extraction,Removing sludge,15:09:33,15:13:18,224.8,2026-05-31_01,2026-05-31_01.csv,2026-05-31
69,23,Fluidizing,Mixing,15:13:18,15:15:11,113.3,2026-05-31_01,2026-05-31_01.csv,2026-05-31
70,23,Extraction,Removing sludge,15:15:11,15:19:04,232.7,2026-05-31_01,2026-05-31_01.csv,2026-05-31
71,23,Communication,With client(s),15:19:04,15:19:42,38.2,2026-05-31_01,2026-05-31_01.csv,2026-05-31
72,23,Extraction,Removing sludge,15:19:42,15:19:52,9.7,2026-05-31_01,2026-05-31_01.csv,2026-05-31
73,23,Communication,With client(s),15:19:52,15:20:05,13.6,2026-05-31_01,2026-05-31_01.csv,2026-05-31
74,23,Fluidizing,Mixing,15:20:05,15:20:36,30.8,2026-05-31_01,2026-05-31_01.csv,2026-05-31
75,23,Communication,With client(s),15:20:36,15:21:40,63.9,2026-05-31_01,2026-05-31_01.csv,2026-05-31
76,23,Fluidizing,Mixing,15:21:40,15:25:03,202.9,2026-05-31_01,2026-05-31_01.csv,2026-05-31
77,23,Extraction,Removing sludge,15:25:03,15:26:46,103.3,2026-05-31_01,2026-05-31_01.csv,2026-05-31
78,23,Extraction,Pulling out trash,15:26:46,15:27:04,17.8,2026-05-31_01,2026-05-31_01.csv,2026-05-31
79,23,Extraction,Removing sludge,15:27:04,15:28:23,78.6,2026-05-31_01,2026-05-31_01.csv,2026-05-31
80,23,Fluidizing,Mixing,15:28:23,15:29:18,55.2,2026-05-31_01,2026-05-31_01.csv,2026-05-31
81,23,Fluidizing,Adding water,15:29:18,15:30:06,47.6,2026-05-31_01,2026-05-31_01.csv,2026-05-31
82,23,Fluidizing,Mixing,15:30:06,15:30:52,46,2026-05-31_01,2026-05-31_01.csv,2026-05-31
83,23,Extraction,Removing sludge,15:30:52,15:35:22,270.2,2026-05-31_01,2026-05-31_01.csv,2026-05-31
84,23,Fluidizing,Adding water,15:35:22,15:35:34,12.7,2026-05-31_01,2026-05-31_01.csv,2026-05-31
85,23,Fluidizing,Mixing,15:35:34,15:36:31,56.9,2026-05-31_01,2026-05-31_01.csv,2026-05-31
86,23,Fluidizing,Adding water,15:36:31,15:36:56,25,2026-05-31_01,2026-05-31_01.csv,2026-05-31
87,23,Extraction,Removing sludge,15:36:56,15:37:51,55,2026-05-31_01,2026-05-31_01.csv,2026-05-31
88,23,Earthworks,Repair pit liner,15:37:51,15:40:19,147.6,2026-05-31_01,2026-05-31_01.csv,2026-05-31
89,23,Earthworks,Fill trench,15:40:24,15:53:39,794.9,2026-05-31_01,2026-05-31_01.csv,2026-05-31
90,23,Superstructure,Cleaning,15:53:39,15:55:20,101,2026-05-31_01,2026-05-31_01.csv,2026-05-31
91,23,Equipment,Cleaning,15:55:21,16:00:23,301.5,2026-05-31_01,2026-05-31_01.csv,2026-05-31
1,4,Earthworks,Dig trench,14:10:12,14:11:10,58.4,2026-06-13_03,2026-06-13_02.csv,2026-06-13
2,14,Earthworks,Dig trench,14:10:14,14:12:51,156.8,2026-06-13_03,2026-06-13_02.csv,2026-06-13
3,23,Earthworks,Dig trench,14:10:19,14:10:22,2.5,2026-06-13_03,2026-06-13_02.csv,2026-06-13
4,23,Rest,NA,14:10:22,14:11:26,64.1,2026-06-13_03,2026-06-13_02.csv,2026-06-13
5,4,Equipment,Maneuvering,14:11:10,14:11:33,23.3,2026-06-13_03,2026-06-13_02.csv,2026-06-13
6,23,Communication,With other gulper(s),14:11:26,14:11:38,12.5,2026-06-13_03,2026-06-13_02.csv,2026-06-13
7,4,Communication,With other gulper(s),14:11:33,14:11:45,11.8,2026-06-13_03,2026-06-13_02.csv,2026-06-13
8,23,Rest,NA,14:11:38,14:11:49,11,2026-06-13_03,2026-06-13_02.csv,2026-06-13
9,4,Equipment,Maneuvering,14:11:45,14:12:19,33.5,2026-06-13_03,2026-06-13_02.csv,2026-06-13
10,23,Communication,With other gulper(s),14:11:49,14:12:06,16.9,2026-06-13_03,2026-06-13_02.csv,2026-06-13
11,23,Rest,NA,14:12:06,14:12:42,35.5,2026-06-13_03,2026-06-13_02.csv,2026-06-13
12,4,Rest,NA,14:12:19,14:12:29,10.3,2026-06-13_03,2026-06-13_02.csv,2026-06-13
13,4,Communication,With other gulper(s),14:12:29,14:12:39,9.9,2026-06-13_03,2026-06-13_02.csv,2026-06-13
14,4,Rest,NA,14:12:39,14:12:58,18.8,2026-06-13_03,2026-06-13_02.csv,2026-06-13
15,23,Communication,With other gulper(s),14:12:42,14:13:12,30.8,2026-06-13_03,2026-06-13_02.csv,2026-06-13
16,14,Communication,With other gulper(s),14:12:51,14:13:09,17.9,2026-06-13_03,2026-06-13_02.csv,2026-06-13
17,4,Earthworks,Dig trench,14:12:58,14:15:37,159.4,2026-06-13_03,2026-06-13_02.csv,2026-06-13
18,14,Rest,NA,14:13:09,14:16:52,222.4,2026-06-13_03,2026-06-13_02.csv,2026-06-13
19,23,Rest,NA,14:13:12,14:16:26,194.1,2026-06-13_03,2026-06-13_02.csv,2026-06-13
20,4,Communication,With client(s),14:15:39,14:15:42,3.7,2026-06-13_03,2026-06-13_02.csv,2026-06-13
21,4,Earthworks,Dig trench,14:15:42,14:16:58,75.5,2026-06-13_03,2026-06-13_02.csv,2026-06-13
22,23,Communication,With other gulper(s),14:16:26,14:16:33,6.5,2026-06-13_03,2026-06-13_02.csv,2026-06-13
23,23,Rest,NA,14:16:33,14:17:00,27.5,2026-06-13_03,2026-06-13_02.csv,2026-06-13
24,14,Earthworks,Dig trench,14:16:52,14:18:58,126.1,2026-06-13_03,2026-06-13_02.csv,2026-06-13
25,4,Communication,With other gulper(s),14:16:58,14:17:11,13.3,2026-06-13_03,2026-06-13_02.csv,2026-06-13
26,23,Communication,With other gulper(s),14:17:00,14:17:14,13.4,2026-06-13_03,2026-06-13_02.csv,2026-06-13
27,4,Rest,NA,14:17:11,14:18:08,56.5,2026-06-13_03,2026-06-13_02.csv,2026-06-13
28,23,Rest,NA,14:17:14,14:18:43,88.9,2026-06-13_03,2026-06-13_02.csv,2026-06-13
29,4,Communication,With other gulper(s),14:18:08,14:18:19,11.3,2026-06-13_03,2026-06-13_02.csv,2026-06-13
30,4,Rest,NA,14:18:19,14:18:38,19,2026-06-13_03,2026-06-13_02.csv,2026-06-13
31,4,Earthworks,Dig trench,14:18:38,14:20:46,127.8,2026-06-13_03,2026-06-13_02.csv,2026-06-13
32,23,Communication,With other gulper(s),14:18:43,14:18:54,10.8,2026-06-13_03,2026-06-13_02.csv,2026-06-13
33,23,Earthworks,Dig trench,14:18:54,14:19:34,40,2026-06-13_03,2026-06-13_02.csv,2026-06-13
34,14,Rest,NA,14:18:58,14:20:51,113.5,2026-06-13_03,2026-06-13_02.csv,2026-06-13
35,23,Rest,NA,14:19:34,14:21:56,142.6,2026-06-13_03,2026-06-13_02.csv,2026-06-13
36,4,Rest,NA,14:20:46,14:22:02,76.1,2026-06-13_03,2026-06-13_02.csv,2026-06-13
37,14,Earthworks,Dig trench,14:20:51,14:23:06,134.9,2026-06-13_03,2026-06-13_02.csv,2026-06-13
38,23,Equipment,Maneuvering,14:21:56,14:22:06,9.8,2026-06-13_03,2026-06-13_02.csv,2026-06-13
39,4,Earthworks,Dig trench,14:22:02,14:22:44,42.5,2026-06-13_03,2026-06-13_02.csv,2026-06-13
40,23,Rest,NA,14:22:06,14:23:53,107,2026-06-13_03,2026-06-13_02.csv,2026-06-13
41,4,Rest,NA,14:22:44,14:23:03,18.7,2026-06-13_03,2026-06-13_02.csv,2026-06-13
42,4,Earthworks,Dig trench,14:23:03,14:24:24,80.8,2026-06-13_03,2026-06-13_02.csv,2026-06-13
43,14,Rest,NA,14:23:06,14:26:33,206.6,2026-06-13_03,2026-06-13_02.csv,2026-06-13
44,23,Communication,With other gulper(s),14:23:53,14:24:04,10.5,2026-06-13_03,2026-06-13_02.csv,2026-06-13
45,23,Earthworks,Dig trench,14:24:04,14:27:52,228.7,2026-06-13_03,2026-06-13_02.csv,2026-06-13
46,4,Rest,NA,14:24:24,14:26:29,125.2,2026-06-13_03,2026-06-13_02.csv,2026-06-13
47,4,Communication,With other gulper(s),14:26:29,14:26:37,8.3,2026-06-13_03,2026-06-13_02.csv,2026-06-13
48,14,Communication,With other gulper(s),14:26:33,14:26:40,7.1,2026-06-13_03,2026-06-13_02.csv,2026-06-13
49,4,Rest,NA,14:26:37,14:31:07,270.1,2026-06-13_03,2026-06-13_02.csv,2026-06-13
50,14,Rest,NA,14:26:40,14:27:59,79.5,2026-06-13_03,2026-06-13_02.csv,2026-06-13
51,23,Rest,NA,14:27:52,14:29:02,70,2026-06-13_03,2026-06-13_02.csv,2026-06-13
52,14,Earthworks,Dig trench,14:27:59,14:29:06,66.3,2026-06-13_03,2026-06-13_02.csv,2026-06-13
53,23,Earthworks,Dig trench,14:29:02,14:38:14,552.1,2026-06-13_03,2026-06-13_02.csv,2026-06-13
54,14,Rest,NA,14:29:06,14:39:56,650.1,2026-06-13_03,2026-06-13_02.csv,2026-06-13
55,4,Earthworks,Dig trench,14:31:07,14:31:55,47.6,2026-06-13_03,2026-06-13_02.csv,2026-06-13
56,4,Rest,NA,14:31:55,14:32:14,18.5,2026-06-13_03,2026-06-13_02.csv,2026-06-13
57,4,Earthworks,Dig trench,14:32:14,14:32:35,21.4,2026-06-13_03,2026-06-13_02.csv,2026-06-13
58,4,Rest,NA,14:32:35,14:34:32,117.3,2026-06-13_03,2026-06-13_02.csv,2026-06-13
59,4,Equipment,Cleaning,14:34:32,14:34:39,6.9,2026-06-13_03,2026-06-13_02.csv,2026-06-13
60,4,Earthworks,Dig trench,14:34:39,14:34:44,4.3,2026-06-13_03,2026-06-13_02.csv,2026-06-13
61,4,Rest,NA,14:34:44,14:38:12,208.3,2026-06-13_03,2026-06-13_02.csv,2026-06-13
62,4,Earthworks,Dig trench,14:38:12,14:42:15,242.7,2026-06-13_03,2026-06-13_02.csv,2026-06-13
63,23,Rest,NA,14:38:14,14:38:21,6.8,2026-06-13_03,2026-06-13_02.csv,2026-06-13
64,23,Earthworks,Dig trench,14:38:21,14:39:08,46.7,2026-06-13_03,2026-06-13_02.csv,2026-06-13
65,23,Rest,NA,14:39:08,14:39:53,44.6,2026-06-13_03,2026-06-13_02.csv,2026-06-13
66,23,Communication,With other gulper(s),14:39:53,14:40:20,27.1,2026-06-13_03,2026-06-13_02.csv,2026-06-13
67,14,Communication,With other gulper(s),14:39:56,14:40:22,26.8,2026-06-13_03,2026-06-13_02.csv,2026-06-13
68,23,Rest,NA,14:40:20,14:46:32,372.1,2026-06-13_03,2026-06-13_02.csv,2026-06-13
69,14,Rest,NA,14:40:22,14:42:21,118.9,2026-06-13_03,2026-06-13_02.csv,2026-06-13
70,4,Rest,NA,14:42:15,14:48:57,402.6,2026-06-13_03,2026-06-13_02.csv,2026-06-13
71,14,Earthworks,Dig trench,14:42:21,14:46:19,238,2026-06-13_03,2026-06-13_02.csv,2026-06-13
72,14,Rest,NA,14:46:19,14:51:21,302.1,2026-06-13_03,2026-06-13_02.csv,2026-06-13
73,23,Earthworks,Dig trench,14:46:32,14:48:50,138.6,2026-06-13_03,2026-06-13_02.csv,2026-06-13
74,23,Rest,NA,14:48:50,14:49:02,11.2,2026-06-13_03,2026-06-13_02.csv,2026-06-13
75,4,Earthworks,Dig trench,14:48:57,14:52:30,213.1,2026-06-13_03,2026-06-13_02.csv,2026-06-13
76,23,Earthworks,Dig trench,14:49:02,14:49:40,38.3,2026-06-13_03,2026-06-13_02.csv,2026-06-13
77,23,Rest,NA,14:49:40,14:49:58,17.7,2026-06-13_03,2026-06-13_02.csv,2026-06-13
78,23,Earthworks,Dig trench,14:49:58,14:50:07,9.8,2026-06-13_03,2026-06-13_02.csv,2026-06-13
79,23,Rest,NA,14:50:07,14:50:19,11.7,2026-06-13_03,2026-06-13_02.csv,2026-06-13
80,23,Earthworks,Dig trench,14:50:19,14:50:29,10,2026-06-13_03,2026-06-13_02.csv,2026-06-13
81,23,Rest,NA,14:50:29,14:51:19,50.3,2026-06-13_03,2026-06-13_02.csv,2026-06-13
82,23,Communication,With other gulper(s),14:51:19,14:51:48,28.6,2026-06-13_03,2026-06-13_02.csv,2026-06-13
83,14,Communication,With other gulper(s),14:51:21,14:51:50,29,2026-06-13_03,2026-06-13_02.csv,2026-06-13
84,23,Rest,NA,14:51:48,14:51:58,9.6,2026-06-13_03,2026-06-13_02.csv,2026-06-13
85,14,Rest,NA,14:51:50,14:52:34,44,2026-06-13_03,2026-06-13_02.csv,2026-06-13
86,23,Communication,With other gulper(s),14:51:58,14:52:03,5.5,2026-06-13_03,2026-06-13_02.csv,2026-06-13
87,23,Rest,NA,14:52:03,14:52:25,21.6,2026-06-13_03,2026-06-13_02.csv,2026-06-13
88,23,Communication,With other gulper(s),14:52:25,14:52:40,15.4,2026-06-13_03,2026-06-13_02.csv,2026-06-13
89,4,Rest,NA,14:52:30,14:56:49,258.4,2026-06-13_03,2026-06-13_02.csv,2026-06-13
90,14,Earthworks,Dig trench,14:52:34,14:56:42,247,2026-06-13_03,2026-06-13_02.csv,2026-06-13
91,23,Rest,NA,14:52:40,14:56:54,253.6,2026-06-13_03,2026-06-13_02.csv,2026-06-13
92,4,Earthworks,Dig trench,14:56:49,15:02:53,364.2,2026-06-13_03,2026-06-13_02.csv,2026-06-13
93,14,Rest,NA,14:56:52,15:04:21,448.8,2026-06-13_03,2026-06-13_02.csv,2026-06-13
94,23,Communication,With other gulper(s),14:56:54,14:57:13,19.5,2026-06-13_03,2026-06-13_02.csv,2026-06-13
95,23,Rest,NA,14:57:13,15:02:57,343.4,2026-06-13_03,2026-06-13_02.csv,2026-06-13
96,23,Earthworks,Dig trench,15:02:57,15:04:09,71.9,2026-06-13_03,2026-06-13_02.csv,2026-06-13
97,4,Rest,NA,15:03:06,15:05:56,170.2,2026-06-13_03,2026-06-13_02.csv,2026-06-13
98,14,Earthworks,Dig trench,15:04:21,15:05:51,89.9,2026-06-13_03,2026-06-13_02.csv,2026-06-13
99,23,Rest,NA,15:04:21,15:13:20,539,2026-06-13_03,2026-06-13_02.csv,2026-06-13
100,14,Rest,NA,15:05:51,15:13:23,452,2026-06-13_03,2026-06-13_02.csv,2026-06-13
101,4,Earthworks,Dig trench,15:05:56,15:15:51,595.6,2026-06-13_03,2026-06-13_02.csv,2026-06-13
102,23,Communication,With other gulper(s),15:13:20,15:13:44,23.5,2026-06-13_03,2026-06-13_02.csv,2026-06-13
103,14,Communication,With other gulper(s),15:13:23,15:13:47,24.2,2026-06-13_03,2026-06-13_02.csv,2026-06-13
104,23,Rest,NA,15:13:44,15:15:06,82.5,2026-06-13_03,2026-06-13_02.csv,2026-06-13
105,14,Rest,NA,15:13:47,15:14:20,33.1,2026-06-13_03,2026-06-13_02.csv,2026-06-13
106,14,Communication,With other gulper(s),15:14:20,15:16:05,104.9,2026-06-13_03,2026-06-13_02.csv,2026-06-13
107,23,Equipment,Cleaning,15:15:06,15:15:47,40.9,2026-06-13_03,2026-06-13_02.csv,2026-06-13
108,23,Communication,With other gulper(s),15:15:47,15:15:57,9.3,2026-06-13_03,2026-06-13_02.csv,2026-06-13
109,4,Rest,NA,15:15:51,15:17:32,100.8,2026-06-13_03,2026-06-13_02.csv,2026-06-13
110,23,Earthworks,Dig trench,15:15:57,15:18:32,155.2,2026-06-13_03,2026-06-13_02.csv,2026-06-13
111,14,Rest,NA,15:16:05,15:17:34,89.2,2026-06-13_03,2026-06-13_02.csv,2026-06-13
112,4,Communication,With other gulper(s),15:17:32,15:17:43,10.4,2026-06-13_03,2026-06-13_02.csv,2026-06-13
113,14,Communication,With other gulper(s),15:17:34,15:17:45,10.7,2026-06-13_03,2026-06-13_02.csv,2026-06-13
114,4,Rest,NA,15:17:43,15:27:33,590.3,2026-06-13_03,2026-06-13_02.csv,2026-06-13
115,14,Rest,NA,15:17:45,15:28:05,619.7,2026-06-13_03,2026-06-13_02.csv,2026-06-13
116,23,Earthworks,Put hole in pit liner,15:18:32,15:27:28,536.6,2026-06-13_03,2026-06-13_02.csv,2026-06-13
117,23,Rest,NA,15:27:28,15:27:42,13.8,2026-06-13_03,2026-06-13_02.csv,2026-06-13
118,4,Superstructure,Inspection,15:27:33,15:27:51,18.2,2026-06-13_03,2026-06-13_02.csv,2026-06-13
119,23,Communication,With client(s),15:27:42,15:28:28,46.2,2026-06-13_03,2026-06-13_02.csv,2026-06-13
120,4,Equipment,Maneuvering,15:27:51,15:28:20,29,2026-06-13_03,2026-06-13_02.csv,2026-06-13
121,14,Equipment,Maneuvering,15:28:05,15:29:53,108.2,2026-06-13_03,2026-06-13_02.csv,2026-06-13
122,4,Fluidizing,Mixing,15:28:20,15:34:38,378.3,2026-06-13_03,2026-06-13_02.csv,2026-06-13
123,23,Extraction,Removing sludge,15:28:28,15:29:06,37.2,2026-06-13_03,2026-06-13_02.csv,2026-06-13
124,23,Extraction,Pulling out trash,15:29:06,15:29:47,41.4,2026-06-13_03,2026-06-13_02.csv,2026-06-13
125,23,Extraction,Removing sludge,15:29:47,15:40:19,631.7,2026-06-13_03,2026-06-13_02.csv,2026-06-13
126,14,Rest,NA,15:29:53,15:32:20,146.9,2026-06-13_03,2026-06-13_02.csv,2026-06-13
127,14,Fluidizing,Mixing,15:32:20,15:33:43,83.7,2026-06-13_03,2026-06-13_02.csv,2026-06-13
128,14,Rest,NA,15:33:43,15:34:24,40.3,2026-06-13_03,2026-06-13_02.csv,2026-06-13
129,14,Fluidizing,Mixing,15:34:24,15:37:00,155.7,2026-06-13_03,2026-06-13_02.csv,2026-06-13
130,4,Rest,NA,15:34:38,15:36:57,138.6,2026-06-13_03,2026-06-13_02.csv,2026-06-13
131,4,Fluidizing,Mixing,15:36:57,15:40:01,184.3,2026-06-13_03,2026-06-13_02.csv,2026-06-13
132,14,Rest,NA,15:37:00,15:38:19,79.5,2026-06-13_03,2026-06-13_02.csv,2026-06-13
133,14,Communication,With other gulper(s),15:38:19,15:38:27,7.9,2026-06-13_03,2026-06-13_02.csv,2026-06-13
134,14,Rest,NA,15:38:27,15:39:58,91.1,2026-06-13_03,2026-06-13_02.csv,2026-06-13
135,14,Fluidizing,Mixing,15:39:58,15:42:36,157.6,2026-06-13_03,2026-06-13_02.csv,2026-06-13
136,4,Communication,With other gulper(s),15:40:01,15:41:02,61,2026-06-13_03,2026-06-13_02.csv,2026-06-13
137,23,Communication,With other gulper(s),15:40:19,15:40:29,10.4,2026-06-13_03,2026-06-13_02.csv,2026-06-13
138,23,Extraction,Removing sludge,15:40:29,15:41:08,39.2,2026-06-13_03,2026-06-13_02.csv,2026-06-13
139,4,Rest,NA,15:41:02,15:42:01,59.1,2026-06-13_03,2026-06-13_02.csv,2026-06-13
140,23,Communication,With other gulper(s),15:41:08,15:41:14,6.1,2026-06-13_03,2026-06-13_02.csv,2026-06-13
141,23,Extraction,Removing sludge,15:41:14,15:46:26,311.2,2026-06-13_03,2026-06-13_02.csv,2026-06-13
142,4,Communication,With client(s),15:42:03,15:42:16,12.6,2026-06-13_03,2026-06-13_02.csv,2026-06-13
143,4,Rest,NA,15:42:16,15:42:31,15.5,2026-06-13_03,2026-06-13_02.csv,2026-06-13
144,4,Fluidizing,Mixing,15:42:31,15:44:35,124.4,2026-06-13_03,2026-06-13_02.csv,2026-06-13
145,14,Rest,NA,15:42:36,15:44:38,122.2,2026-06-13_03,2026-06-13_02.csv,2026-06-13
146,4,Communication,With other gulper(s),15:44:35,15:44:47,11.6,2026-06-13_03,2026-06-13_02.csv,2026-06-13
147,14,Fluidizing,Mixing,15:44:38,15:45:29,50.9,2026-06-13_03,2026-06-13_02.csv,2026-06-13
148,4,Communication,With client(s),15:44:47,15:45:02,14.6,2026-06-13_03,2026-06-13_02.csv,2026-06-13
149,4,Fluidizing,Fetching water,15:45:02,15:45:14,12.8,2026-06-13_03,2026-06-13_02.csv,2026-06-13
150,4,Fluidizing,Adding water,15:45:14,15:45:32,17.1,2026-06-13_03,2026-06-13_02.csv,2026-06-13
151,14,Rest,NA,15:45:29,15:50:07,278.2,2026-06-13_03,2026-06-13_02.csv,2026-06-13
152,4,Communication,With other gulper(s),15:45:32,15:46:14,42,2026-06-13_03,2026-06-13_02.csv,2026-06-13
153,4,Rest,NA,15:46:14,15:48:55,161.1,2026-06-13_03,2026-06-13_02.csv,2026-06-13
154,23,Communication,With other gulper(s),15:46:26,15:46:43,17,2026-06-13_03,2026-06-13_02.csv,2026-06-13
155,23,Extraction,Removing sludge,15:46:43,15:53:55,432.8,2026-06-13_03,2026-06-13_02.csv,2026-06-13
156,4,Fluidizing,Mixing,15:48:55,15:50:05,70,2026-06-13_03,2026-06-13_02.csv,2026-06-13
157,4,Communication,With other gulper(s),15:50:05,15:50:19,14.4,2026-06-13_03,2026-06-13_02.csv,2026-06-13
158,14,Communication,With other gulper(s),15:50:07,15:50:15,8,2026-06-13_03,2026-06-13_02.csv,2026-06-13
159,14,Rest,NA,15:50:15,15:51:09,54,2026-06-13_03,2026-06-13_02.csv,2026-06-13
160,4,Rest,NA,15:50:19,15:50:25,6.1,2026-06-13_03,2026-06-13_02.csv,2026-06-13
161,4,Fluidizing,Adding water,15:50:25,15:50:43,17.4,2026-06-13_03,2026-06-13_02.csv,2026-06-13
162,4,Communication,With other gulper(s),15:50:43,15:50:46,3.2,2026-06-13_03,2026-06-13_02.csv,2026-06-13
163,4,Fluidizing,Fetching water,15:50:46,15:51:16,30.2,2026-06-13_03,2026-06-13_02.csv,2026-06-13
164,14,Communication,With other gulper(s),15:51:09,15:51:37,28.2,2026-06-13_03,2026-06-13_02.csv,2026-06-13
165,4,Communication,With client(s),15:51:16,15:51:22,5.8,2026-06-13_03,2026-06-13_02.csv,2026-06-13
166,4,Fluidizing,Fetching water,15:51:22,15:51:39,16.9,2026-06-13_03,2026-06-13_02.csv,2026-06-13
167,14,Fluidizing,Mixing,15:51:37,15:53:34,116.7,2026-06-13_03,2026-06-13_02.csv,2026-06-13
168,4,Fluidizing,Adding water,15:51:39,15:51:54,15.7,2026-06-13_03,2026-06-13_02.csv,2026-06-13
169,4,Fluidizing,Fetching water,15:51:54,15:52:36,41.6,2026-06-13_03,2026-06-13_02.csv,2026-06-13
170,4,Rest,NA,15:52:36,15:53:02,25.9,2026-06-13_03,2026-06-13_02.csv,2026-06-13
171,4,Fluidizing,Fetching water,15:53:02,15:53:23,21.1,2026-06-13_03,2026-06-13_02.csv,2026-06-13
172,4,Fluidizing,Adding water,15:53:23,15:53:31,7.6,2026-06-13_03,2026-06-13_02.csv,2026-06-13
173,4,Communication,With other gulper(s),15:53:31,15:53:43,12.9,2026-06-13_03,2026-06-13_02.csv,2026-06-13
174,14,Communication,With other gulper(s),15:53:34,15:53:37,2.7,2026-06-13_03,2026-06-13_02.csv,2026-06-13
175,14,Fluidizing,Mixing,15:53:37,15:53:41,4.3,2026-06-13_03,2026-06-13_02.csv,2026-06-13
176,14,Rest,NA,15:53:41,15:54:37,56.5,2026-06-13_03,2026-06-13_02.csv,2026-06-13
177,4,Fluidizing,Mixing,15:53:43,15:54:41,57.8,2026-06-13_03,2026-06-13_02.csv,2026-06-13
178,23,Communication,With other gulper(s),15:53:55,15:54:07,11.7,2026-06-13_03,2026-06-13_02.csv,2026-06-13
179,23,Extraction,Removing sludge,15:54:07,15:59:03,295.8,2026-06-13_03,2026-06-13_02.csv,2026-06-13
180,14,Fluidizing,Mixing,15:54:37,15:57:10,153.1,2026-06-13_03,2026-06-13_02.csv,2026-06-13
181,4,Rest,NA,15:54:41,15:55:00,19.2,2026-06-13_03,2026-06-13_02.csv,2026-06-13
182,4,Communication,With other gulper(s),15:55:00,15:55:04,3.7,2026-06-13_03,2026-06-13_02.csv,2026-06-13
183,4,Fluidizing,Adding water,15:55:04,15:55:26,21.5,2026-06-13_03,2026-06-13_02.csv,2026-06-13
184,4,Fluidizing,Fetching water,15:55:26,15:56:42,76.6,2026-06-13_03,2026-06-13_02.csv,2026-06-13
185,4,Fluidizing,Adding water,15:56:42,15:56:59,16.4,2026-06-13_03,2026-06-13_02.csv,2026-06-13
186,4,Rest,NA,15:56:59,15:57:22,23.3,2026-06-13_03,2026-06-13_02.csv,2026-06-13
187,14,Equipment,Maneuvering,15:57:10,15:57:58,47.3,2026-06-13_03,2026-06-13_02.csv,2026-06-13
188,4,Communication,With other gulper(s),15:57:22,15:57:55,32.6,2026-06-13_03,2026-06-13_02.csv,2026-06-13
189,4,Communication,With client(s),15:57:55,15:58:19,24.8,2026-06-13_03,2026-06-13_02.csv,2026-06-13
190,14,Rest,NA,15:57:58,16:03:34,335.9,2026-06-13_03,2026-06-13_02.csv,2026-06-13
191,4,Rest,NA,15:58:19,15:58:48,28.3,2026-06-13_03,2026-06-13_02.csv,2026-06-13
192,4,Equipment,Maneuvering,15:58:48,15:59:44,56.5,2026-06-13_03,2026-06-13_02.csv,2026-06-13
193,23,Superstructure,Inspection,15:59:03,15:59:29,26.7,2026-06-13_03,2026-06-13_02.csv,2026-06-13
194,23,Extraction,Removing sludge,15:59:29,16:00:26,56.4,2026-06-13_03,2026-06-13_02.csv,2026-06-13
195,4,Superstructure,Inspection,15:59:44,16:00:07,22.4,2026-06-13_03,2026-06-13_02.csv,2026-06-13
196,4,Rest,NA,16:00:07,16:02:48,161.4,2026-06-13_03,2026-06-13_02.csv,2026-06-13
197,23,Rest,NA,16:00:26,16:00:56,30.6,2026-06-13_03,2026-06-13_02.csv,2026-06-13
198,23,Extraction,Removing sludge,16:00:56,16:02:12,75.9,2026-06-13_03,2026-06-13_02.csv,2026-06-13
199,23,Communication,With other gulper(s),16:02:12,16:02:29,16.7,2026-06-13_03,2026-06-13_02.csv,2026-06-13
200,23,Extraction,Removing sludge,16:02:29,16:02:44,14.7,2026-06-13_03,2026-06-13_02.csv,2026-06-13
201,23,Earthworks,Repair pit liner,16:02:44,16:03:44,60.8,2026-06-13_03,2026-06-13_02.csv,2026-06-13
202,4,Communication,With client(s),16:02:48,16:03:31,42.7,2026-06-13_03,2026-06-13_02.csv,2026-06-13
203,4,Equipment,Maneuvering,16:03:31,16:03:49,18.7,2026-06-13_03,2026-06-13_02.csv,2026-06-13
204,14,Equipment,Maneuvering,16:03:34,16:03:42,8.5,2026-06-13_03,2026-06-13_02.csv,2026-06-13
205,14,Rest,NA,16:03:42,16:06:53,191.1,2026-06-13_03,2026-06-13_02.csv,2026-06-13
206,23,Communication,With client(s),16:03:44,16:04:24,39.8,2026-06-13_03,2026-06-13_02.csv,2026-06-13
207,4,Rest,NA,16:03:49,16:04:31,41.8,2026-06-13_03,2026-06-13_02.csv,2026-06-13
208,23,Earthworks,Repair pit liner,16:04:24,16:05:34,69.8,2026-06-13_03,2026-06-13_02.csv,2026-06-13
209,4,Equipment,Maneuvering,16:04:31,16:04:53,22.4,2026-06-13_03,2026-06-13_02.csv,2026-06-13
210,4,Rest,NA,16:04:53,16:06:28,94.8,2026-06-13_03,2026-06-13_02.csv,2026-06-13
211,23,Communication,With client(s),16:05:34,16:06:17,43.2,2026-06-13_03,2026-06-13_02.csv,2026-06-13
212,23,Earthworks,Repair pit liner,16:06:17,16:06:50,32.9,2026-06-13_03,2026-06-13_02.csv,2026-06-13
213,4,Equipment,Maneuvering,16:06:28,16:06:42,13.6,2026-06-13_03,2026-06-13_02.csv,2026-06-13
214,4,Earthworks,Fill trench,16:06:42,16:14:49,487.1,2026-06-13_03,2026-06-13_02.csv,2026-06-13
215,23,Earthworks,Fill trench,16:06:50,16:11:33,282.6,2026-06-13_03,2026-06-13_02.csv,2026-06-13
216,14,Earthworks,Fill trench,16:06:53,16:07:11,18,2026-06-13_03,2026-06-13_02.csv,2026-06-13
217,14,Earthworks,Fill trench,16:07:11,16:17:04,592.4,2026-06-13_03,2026-06-13_02.csv,2026-06-13
218,23,Rest,NA,16:11:33,16:16:07,274.7,2026-06-13_03,2026-06-13_02.csv,2026-06-13
219,4,Equipment,Cleaning,16:14:49,16:15:15,26.1,2026-06-13_03,2026-06-13_02.csv,2026-06-13
220,4,Earthworks,Fill trench,16:15:15,16:18:20,184.8,2026-06-13_03,2026-06-13_02.csv,2026-06-13
221,23,Superstructure,Repair,16:16:07,16:16:17,9.2,2026-06-13_03,2026-06-13_02.csv,2026-06-13
222,23,Rest,NA,16:16:17,16:16:57,40.2,2026-06-13_03,2026-06-13_02.csv,2026-06-13
223,23,Earthworks,Fill trench,16:16:57,16:21:18,261.6,2026-06-13_03,2026-06-13_02.csv,2026-06-13
224,14,Superstructure,Inspection,16:17:04,16:17:54,50.3,2026-06-13_03,2026-06-13_02.csv,2026-06-13
225,14,Equipment,Maneuvering,16:17:54,16:17:58,4.1,2026-06-13_03,2026-06-13_02.csv,2026-06-13
226,14,Earthworks,Fill trench,16:17:58,16:19:49,110.6,2026-06-13_03,2026-06-13_02.csv,2026-06-13
227,4,Rest,NA,16:18:20,16:18:46,26.6,2026-06-13_03,2026-06-13_02.csv,2026-06-13
228,4,Earthworks,Fill trench,16:18:47,16:20:55,128.4,2026-06-13_03,2026-06-13_02.csv,2026-06-13
229,14,Communication,With other gulper(s),16:19:49,16:21:04,75,2026-06-13_03,2026-06-13_02.csv,2026-06-13
230,4,Equipment,Cleaning,16:20:56,16:30:35,579.3,2026-06-13_03,2026-06-13_02.csv,2026-06-13
231,14,Rest,NA,16:21:04,16:21:52,48.9,2026-06-13_03,2026-06-13_02.csv,2026-06-13
232,23,Equipment,Cleaning,16:21:18,16:21:31,13,2026-06-13_03,2026-06-13_02.csv,2026-06-13
233,23,Communication,With client(s),16:21:31,16:22:29,57.4,2026-06-13_03,2026-06-13_02.csv,2026-06-13
234,14,Equipment,Maneuvering,16:21:52,16:22:08,15.9,2026-06-13_03,2026-06-13_02.csv,2026-06-13
235,14,Fluidizing,Fetching water,16:22:08,16:22:39,30.7,2026-06-13_03,2026-06-13_02.csv,2026-06-13
236,23,Equipment,Cleaning,16:22:29,16:23:58,89,2026-06-13_03,2026-06-13_02.csv,2026-06-13
237,14,Equipment,Cleaning,16:22:39,16:28:51,372.4,2026-06-13_03,2026-06-13_02.csv,2026-06-13
238,23,Communication,With client(s),16:23:58,16:24:30,31.7,2026-06-13_03,2026-06-13_02.csv,2026-06-13
239,23,Equipment,Cleaning,16:24:30,16:28:29,239.7,2026-06-13_03,2026-06-13_02.csv,2026-06-13
240,23,Communication,With other gulper(s),16:29:26,16:30:35,69.1,2026-06-13_03,2026-06-13_02.csv,2026-06-13
241,14,Communication,With client(s),16:29:34,16:30:35,60.8,2026-06-13_03,2026-06-13_02.csv,2026-06-13
